# folder	method	kind	name	args	default_sha1
ACPT	associateTaxonomyToCPT	Hooks::apply	'btcbi_acpt_associate_taxonomy_to_cpt'	4	f157c97a02406cf39428a92f64581c3a2e09bdd5
ACPT	associateTaxonomyToCPT	Hooks::apply	Config::withPrefix('acpt_associate_taxonomy_to_cpt')	4	7cb6efb98ba5972a9b5090dc2e517fe14d12cb04
ACPT	createOrUpdateOptionPage	Hooks::apply	'btcbi_acpt_create_option_page'	5	f157c97a02406cf39428a92f64581c3a2e09bdd5
ACPT	createOrUpdateOptionPage	Hooks::apply	'btcbi_acpt_update_option_page'	5	f157c97a02406cf39428a92f64581c3a2e09bdd5
ACPT	createOrUpdateOptionPage	Hooks::apply	Config::withPrefix('acpt_create_option_page')	5	7cb6efb98ba5972a9b5090dc2e517fe14d12cb04
ACPT	createOrUpdateOptionPage	Hooks::apply	Config::withPrefix('acpt_update_option_page')	5	7cb6efb98ba5972a9b5090dc2e517fe14d12cb04
ACPT	createOrUpdateTaxonomy	Hooks::apply	'btcbi_acpt_create_taxonomy'	5	f157c97a02406cf39428a92f64581c3a2e09bdd5
ACPT	createOrUpdateTaxonomy	Hooks::apply	'btcbi_acpt_update_taxonomy'	5	f157c97a02406cf39428a92f64581c3a2e09bdd5
ACPT	createOrUpdateTaxonomy	Hooks::apply	Config::withPrefix('acpt_create_taxonomy')	5	7cb6efb98ba5972a9b5090dc2e517fe14d12cb04
ACPT	createOrUpdateTaxonomy	Hooks::apply	Config::withPrefix('acpt_update_taxonomy')	5	7cb6efb98ba5972a9b5090dc2e517fe14d12cb04
ACPT	deleteCPT	Hooks::apply	'btcbi_acpt_delete_cpt'	4	f157c97a02406cf39428a92f64581c3a2e09bdd5
ACPT	deleteCPT	Hooks::apply	Config::withPrefix('acpt_delete_cpt')	4	7cb6efb98ba5972a9b5090dc2e517fe14d12cb04
ACPT	deleteDynamicBlock	Hooks::apply	'btcbi_acpt_delete_dynamic_block'	4	f157c97a02406cf39428a92f64581c3a2e09bdd5
ACPT	deleteDynamicBlock	Hooks::apply	Config::withPrefix('acpt_delete_dynamic_block')	4	7cb6efb98ba5972a9b5090dc2e517fe14d12cb04
ACPT	deleteMetaGroup	Hooks::apply	'btcbi_acpt_delete_meta_group'	4	f157c97a02406cf39428a92f64581c3a2e09bdd5
ACPT	deleteMetaGroup	Hooks::apply	Config::withPrefix('acpt_delete_meta_group')	4	7cb6efb98ba5972a9b5090dc2e517fe14d12cb04
ACPT	deleteOptionPage	Hooks::apply	'btcbi_acpt_delete_option_page'	4	f157c97a02406cf39428a92f64581c3a2e09bdd5
ACPT	deleteOptionPage	Hooks::apply	Config::withPrefix('acpt_delete_option_page')	4	7cb6efb98ba5972a9b5090dc2e517fe14d12cb04
ACPT	deleteTaxonomy	Hooks::apply	'btcbi_acpt_delete_taxonomy'	4	f157c97a02406cf39428a92f64581c3a2e09bdd5
ACPT	deleteTaxonomy	Hooks::apply	Config::withPrefix('acpt_delete_taxonomy')	4	7cb6efb98ba5972a9b5090dc2e517fe14d12cb04
ACPT	updateCPT	Hooks::apply	'btcbi_acpt_update_cpt'	5	f157c97a02406cf39428a92f64581c3a2e09bdd5
ACPT	updateCPT	Hooks::apply	Config::withPrefix('acpt_update_cpt')	5	7cb6efb98ba5972a9b5090dc2e517fe14d12cb04
AcademyLms	completeCourse	do_action	'academy/admin/course_complete_after'	3	99291d570154496bfff47bad2fce3281af68d22e
AcademyLms	completeCourse	do_action	'academy/admin/course_complete_before'	2	99291d570154496bfff47bad2fce3281af68d22e
AcademyLms	completeLesson	do_action	'academy/frontend/after_mark_topic_complete'	5	89ea29afa8afe9f41370dca72511b81656740b66
AcademyLms	completeLesson	do_action	'academy/frontend/before_mark_topic_complete'	5	89ea29afa8afe9f41370dca72511b81656740b66
AsgarosForum	execute	Hooks::apply	Config::withPrefix('asgaros_forum_create_forum')	3	0de1e79adeb75cb2d3ae1371567cbbae0df08751
AsgarosForum	execute	Hooks::apply	Config::withPrefix('asgaros_forum_create_topic')	3	0de1e79adeb75cb2d3ae1371567cbbae0df08751
AsgarosForum	execute	Hooks::apply	Config::withPrefix('asgaros_forum_post_reply_in_topic')	3	0de1e79adeb75cb2d3ae1371567cbbae0df08751
AsgarosForum	execute	Hooks::apply	Config::withPrefix('asgaros_forum_subscribe_user_in_forum')	3	0de1e79adeb75cb2d3ae1371567cbbae0df08751
B2BKing	execute	Hooks::apply	Config::withPrefix('b2bking_approve_customer')	3	0de1e79adeb75cb2d3ae1371567cbbae0df08751
B2BKing	execute	Hooks::apply	Config::withPrefix('b2bking_enable_b2b_for_user')	3	0de1e79adeb75cb2d3ae1371567cbbae0df08751
B2BKing	execute	Hooks::apply	Config::withPrefix('b2bking_update_customer_group')	4	0de1e79adeb75cb2d3ae1371567cbbae0df08751
BadgeOS	execute	Hooks::apply	Config::withPrefix('badgeos_award_achievement_to_user')	4	0de1e79adeb75cb2d3ae1371567cbbae0df08751
Bento	addEvent	Hooks::apply	'btcbi_bento_store_event'	4	f157c97a02406cf39428a92f64581c3a2e09bdd5
Bento	addEvent	Hooks::apply	Config::withPrefix('bento_store_event')	4	7cb6efb98ba5972a9b5090dc2e517fe14d12cb04
Bento	addPeople	Hooks::run	'btcbi_bento_update_user_data'	6	7cb6efb98ba5972a9b5090dc2e517fe14d12cb04
Bento	addPeople	Hooks::run	Config::withPrefix('bento_update_user_data')	6	7cb6efb98ba5972a9b5090dc2e517fe14d12cb04
Bento	getAlTags	Hooks::apply	'btcbi_bento_get_all_tags'	3	97d170e1550eee4afc0af065b78cda302a97674c
Bento	getAlTags	Hooks::apply	Config::withPrefix('bento_get_all_tags')	3	97d170e1550eee4afc0af065b78cda302a97674c
Bento	getAllFields	Hooks::apply	'btcbi_bento_get_event_fields'	2	97d170e1550eee4afc0af065b78cda302a97674c
Bento	getAllFields	Hooks::apply	'btcbi_bento_get_user_fields'	3	4cd0994a21d9b14f20c1ab35a75b3323a29c182a
Bento	getAllFields	Hooks::apply	Config::withPrefix('bento_get_event_fields')	2	97d170e1550eee4afc0af065b78cda302a97674c
Bento	getAllFields	Hooks::apply	Config::withPrefix('bento_get_user_fields')	3	4cd0994a21d9b14f20c1ab35a75b3323a29c182a
BitCrm	addTagToCompany	do_action	'bit_crm/tags_attached_to_companies'	3	e4fafc3b480700bc00cee087e770f7e6973b01c9
BitCrm	addTagToContact	do_action	'bit_crm/tags_attached_to_contacts'	3	e4fafc3b480700bc00cee087e770f7e6973b01c9
BitCrm	addTagToDeal	do_action	'bit_crm/tags_attached_to_deals'	3	e4fafc3b480700bc00cee087e770f7e6973b01c9
BitCrm	addTagToLead	do_action	'bit_crm/tags_attached_to_leads'	3	e4fafc3b480700bc00cee087e770f7e6973b01c9
BitCrm	addTagToProduct	do_action	'bit_crm/tags_attached_to_products'	3	e4fafc3b480700bc00cee087e770f7e6973b01c9
BitCrm	changeActivityStatus	do_action	'bit_crm/activity_status_updated'	4	b2d4401d3e96ae4898d87b8fc3ebad7e47c6397d
BitCrm	convertLead	do_action	'bit_crm/leads_converted_to_contact'	2	af3423ec7f99519d505b1b1a0693b96208b4dba7
BitCrm	createInvoice	do_action	'bit_crm/invoice_created'	2	66b67efa404b52b28c03d0a8cd6c47524b8124e2
BitCrm	deleteInvoice	do_action	'bit_crm/invoices_trashed'	2	510b46a3580ce3971862c1d0925ca7ec48bc7d47
BitCrm	deleteNote	do_action	'bit_crm/note_deleted'	2	28a34f188d0e612e365ba69beded4938768655b7
BitCrm	deleteTag	do_action	'bit_crm/tag_deleted'	2	0fc355871f330cfcd33a663e8d94622bc68dea11
BitCrm	modifyActivity	do_action	'bit_crm/activity_updated'	2	b2d4401d3e96ae4898d87b8fc3ebad7e47c6397d
BitCrm	removeActivity	do_action	'bit_crm/activity_deleted'	2	acf8bc880dcc62f8a49acbba0429b91432207d49
BitCrm	save	do_action	self::SAVE_HOOK	4	2b36e81ccd76c191d64c1c7cace5bb2e249dce48
BitCrm	storeActivity	do_action	'bit_crm/activity_created'	2	b2d4401d3e96ae4898d87b8fc3ebad7e47c6397d
BitCrm	updateDealStage	do_action	'bit_crm/deal_stage_updated'	3	d7592ba19201dfa7ac2ace24c846db11a98818ed
BitCrm	updateInvoice	do_action	'bit_crm/invoice_updated'	2	741c9767631e579a0cb288a457286b3e659cf29a
BitCrm	updateInvoiceStatus	do_action	'bit_crm/invoice_status_updated'	2	741c9767631e579a0cb288a457286b3e659cf29a
BitCrm	updateNote	do_action	'bit_crm/note_updated'	2	42bf5b6cbe3dece5c9f9d6349e58e5f91cc3cc6b
BitCrm	updateProduct	do_action	'bit_crm/product_updated'	2	c8f31749f14ccdafa6abc2d9d03f2bbc99e4ea25
BitCrm	updateTag	do_action	'bit_crm/tag_updated'	2	aedccf5f907a61edd09a98a506f0b4ee46574d13
BookingCalendar	execute	Hooks::apply	Config::withPrefix('booking_calendar_create_booking')	5	0de1e79adeb75cb2d3ae1371567cbbae0df08751
BookingCalendar	execute	Hooks::apply	Config::withPrefix('booking_calendar_update_booking')	5	0de1e79adeb75cb2d3ae1371567cbbae0df08751
BookingPress	execute	Hooks::apply	Config::withPrefix('bookingpress_cancel_appointment')	3	0de1e79adeb75cb2d3ae1371567cbbae0df08751
BookingPress	execute	Hooks::apply	Config::withPrefix('bookingpress_create_customer')	3	0de1e79adeb75cb2d3ae1371567cbbae0df08751
BookingPress	execute	Hooks::apply	Config::withPrefix('bookingpress_delete_appointment')	3	0de1e79adeb75cb2d3ae1371567cbbae0df08751
BookingPress	execute	Hooks::apply	Config::withPrefix('bookingpress_delete_customer')	3	0de1e79adeb75cb2d3ae1371567cbbae0df08751
BookingPress	execute	Hooks::apply	Config::withPrefix('bookingpress_update_appointment_status')	3	0de1e79adeb75cb2d3ae1371567cbbae0df08751
BookingPress	execute	Hooks::apply	Config::withPrefix('bookingpress_update_customer')	3	0de1e79adeb75cb2d3ae1371567cbbae0df08751
Bookly	execute	Hooks::apply	Config::withPrefix('bookly_create_appointment')	4	7a8efd1328c2152244072668c454a0dabc0a4f24
Bookly	execute	Hooks::apply	Config::withPrefix('bookly_create_customer')	3	7a8efd1328c2152244072668c454a0dabc0a4f24
Bookly	execute	Hooks::apply	Config::withPrefix('bookly_delete_appointment')	3	7a8efd1328c2152244072668c454a0dabc0a4f24
Bookly	execute	Hooks::apply	Config::withPrefix('bookly_delete_customer')	3	7a8efd1328c2152244072668c454a0dabc0a4f24
Bookly	execute	Hooks::apply	Config::withPrefix('bookly_update_appointment_status')	4	7a8efd1328c2152244072668c454a0dabc0a4f24
Bookly	execute	Hooks::apply	Config::withPrefix('bookly_update_customer')	3	7a8efd1328c2152244072668c454a0dabc0a4f24
BrilliantDirectories	execute	Hooks::apply	Config::withPrefix('brilliant_directories_create_lead')	5	7a8efd1328c2152244072668c454a0dabc0a4f24
BrilliantDirectories	execute	Hooks::apply	Config::withPrefix('brilliant_directories_create_member')	5	7a8efd1328c2152244072668c454a0dabc0a4f24
BrilliantDirectories	execute	Hooks::apply	Config::withPrefix('brilliant_directories_create_member_post')	5	7a8efd1328c2152244072668c454a0dabc0a4f24
BrilliantDirectories	execute	Hooks::apply	Config::withPrefix('brilliant_directories_create_review')	5	7a8efd1328c2152244072668c454a0dabc0a4f24
BrilliantDirectories	execute	Hooks::apply	Config::withPrefix('brilliant_directories_delete_lead')	5	7a8efd1328c2152244072668c454a0dabc0a4f24
BrilliantDirectories	execute	Hooks::apply	Config::withPrefix('brilliant_directories_delete_member')	5	7a8efd1328c2152244072668c454a0dabc0a4f24
BrilliantDirectories	execute	Hooks::apply	Config::withPrefix('brilliant_directories_delete_review')	5	7a8efd1328c2152244072668c454a0dabc0a4f24
BrilliantDirectories	execute	Hooks::apply	Config::withPrefix('brilliant_directories_match_lead')	5	7a8efd1328c2152244072668c454a0dabc0a4f24
BrilliantDirectories	execute	Hooks::apply	Config::withPrefix('brilliant_directories_update_lead')	5	7a8efd1328c2152244072668c454a0dabc0a4f24
BrilliantDirectories	execute	Hooks::apply	Config::withPrefix('brilliant_directories_update_member')	5	7a8efd1328c2152244072668c454a0dabc0a4f24
BrilliantDirectories	execute	Hooks::apply	Config::withPrefix('brilliant_directories_update_review')	5	7a8efd1328c2152244072668c454a0dabc0a4f24
BuddyBoss	posTopicForum	apply_filters	'bbp_new_topic_pre_insert'	2	18bcd363b9b42a46df61f0d4233aaf9ef995d395
BuddyBoss	posTopicForum	do_action	'bbp_new_topic'	5	07c1925e6cb03748e65fd26b6e9b08b6c80bab13
BuddyBoss	posTopicForum	do_action	'bbp_new_topic_post_extras'	2	07c1925e6cb03748e65fd26b6e9b08b6c80bab13
BuddyBoss	postReplyTopicForum	apply_filters	'bbp_new_reply_pre_content'	2	21e9158314900094a9b2311c3cc33cd54cffbd25
BuddyBoss	postReplyTopicForum	apply_filters	'bbp_new_reply_pre_insert'	2	67cd7ae6a6754057c51cdd6b6ec2a3a6ad39a599
BuddyBoss	postReplyTopicForum	do_action	'bbp_new_reply'	8	49303698b773f48aad82c3a64485f5567adfa9f8
BuddyBoss	postReplyTopicForum	do_action	'bbp_new_reply_post_extras'	2	49303698b773f48aad82c3a64485f5567adfa9f8
BuddyBoss	subscribeForum	do_action	'buddyBoss_subscriptions_handler'	5	18f1c390a75dbb4dbce8e834ed81a0f7b1e7c8c6
CartAbandonmentRecovery	execute	Hooks::apply	Config::withPrefix('cart_abandonment_recovery_delete_abandoned_cart')	4	0de1e79adeb75cb2d3ae1371567cbbae0df08751
CartAbandonmentRecovery	execute	Hooks::apply	Config::withPrefix('cart_abandonment_recovery_reschedule_recovery_emails')	4	0de1e79adeb75cb2d3ae1371567cbbae0df08751
CartAbandonmentRecovery	execute	Hooks::apply	Config::withPrefix('cart_abandonment_recovery_update_cart_status')	4	0de1e79adeb75cb2d3ae1371567cbbae0df08751
ClickWhale	execute	Hooks::apply	Config::withPrefix('clickwhale_create_link')	5	0de1e79adeb75cb2d3ae1371567cbbae0df08751
ClickWhale	execute	Hooks::apply	Config::withPrefix('clickwhale_delete_link')	3	0de1e79adeb75cb2d3ae1371567cbbae0df08751
ClickWhale	execute	Hooks::apply	Config::withPrefix('clickwhale_update_link')	4	0de1e79adeb75cb2d3ae1371567cbbae0df08751
ConvertForce	execute	Hooks::apply	Config::withPrefix('convertforce_create_campaign')	3	0de1e79adeb75cb2d3ae1371567cbbae0df08751
ConvertForce	execute	Hooks::apply	Config::withPrefix('convertforce_delete_campaign')	3	0de1e79adeb75cb2d3ae1371567cbbae0df08751
ConvertForce	execute	Hooks::apply	Config::withPrefix('convertforce_update_campaign')	3	0de1e79adeb75cb2d3ae1371567cbbae0df08751
ConvertForce	execute	Hooks::apply	Config::withPrefix('convertforce_update_campaign_status')	3	0de1e79adeb75cb2d3ae1371567cbbae0df08751
CreatorLms	execute	Hooks::apply	Config::withPrefix('creator_lms_create_course')	4	0de1e79adeb75cb2d3ae1371567cbbae0df08751
CreatorLms	execute	Hooks::apply	Config::withPrefix('creator_lms_create_student')	3	0de1e79adeb75cb2d3ae1371567cbbae0df08751
CreatorLms	execute	Hooks::apply	Config::withPrefix('creator_lms_enroll_user_in_course')	3	0de1e79adeb75cb2d3ae1371567cbbae0df08751
CreatorLms	execute	Hooks::apply	Config::withPrefix('creator_lms_mark_lesson_completed')	3	0de1e79adeb75cb2d3ae1371567cbbae0df08751
CreatorLms	execute	Hooks::apply	Config::withPrefix('creator_lms_update_student_data')	3	0de1e79adeb75cb2d3ae1371567cbbae0df08751
Dokan	formatVendorUpsertData	Hooks::apply	'btcbi_dokan_vendor_crud_actions'	3	2b36e81ccd76c191d64c1c7cace5bb2e249dce48
Dokan	formatVendorUpsertData	Hooks::apply	Config::withPrefix('dokan_vendor_crud_actions')	3	2b36e81ccd76c191d64c1c7cace5bb2e249dce48
EventsManager	execute	Hooks::apply	Config::withPrefix('eventsmanager_unregister_user_from_event')	3	0de1e79adeb75cb2d3ae1371567cbbae0df08751
Fabman	createSpace	Hooks::apply	'btcbi_fabman_create_space'	5	f157c97a02406cf39428a92f64581c3a2e09bdd5
Fabman	createSpace	Hooks::apply	Config::withPrefix('fabman_create_space')	5	7cb6efb98ba5972a9b5090dc2e517fe14d12cb04
Fabman	deleteMember	Hooks::apply	'btcbi_fabman_delete_member'	5	f157c97a02406cf39428a92f64581c3a2e09bdd5
Fabman	deleteMember	Hooks::apply	Config::withPrefix('fabman_delete_member')	5	7cb6efb98ba5972a9b5090dc2e517fe14d12cb04
Fabman	updateMember	Hooks::apply	'btcbi_fabman_update_member'	6	f157c97a02406cf39428a92f64581c3a2e09bdd5
Fabman	updateMember	Hooks::apply	Config::withPrefix('fabman_update_member')	6	7cb6efb98ba5972a9b5090dc2e517fe14d12cb04
Fabman	updateSpace	Hooks::apply	'btcbi_fabman_update_space'	6	f157c97a02406cf39428a92f64581c3a2e09bdd5
Fabman	updateSpace	Hooks::apply	Config::withPrefix('fabman_update_space')	6	7cb6efb98ba5972a9b5090dc2e517fe14d12cb04
FluentCart	execute	Hooks::apply	'btcbi_fluentcart_create_coupon'	4	f157c97a02406cf39428a92f64581c3a2e09bdd5
FluentCart	execute	Hooks::apply	'btcbi_fluentcart_create_customer'	3	f157c97a02406cf39428a92f64581c3a2e09bdd5
FluentCart	execute	Hooks::apply	'btcbi_fluentcart_create_order'	5	f157c97a02406cf39428a92f64581c3a2e09bdd5
FluentCart	execute	Hooks::apply	'btcbi_fluentcart_create_product'	5	f157c97a02406cf39428a92f64581c3a2e09bdd5
FluentCart	execute	Hooks::apply	'btcbi_fluentcart_delete_coupon'	3	f157c97a02406cf39428a92f64581c3a2e09bdd5
FluentCart	execute	Hooks::apply	'btcbi_fluentcart_delete_customer'	3	f157c97a02406cf39428a92f64581c3a2e09bdd5
FluentCart	execute	Hooks::apply	'btcbi_fluentcart_delete_order'	3	f157c97a02406cf39428a92f64581c3a2e09bdd5
FluentCart	execute	Hooks::apply	'btcbi_fluentcart_delete_product'	3	f157c97a02406cf39428a92f64581c3a2e09bdd5
FluentCart	execute	Hooks::apply	'btcbi_fluentcart_update_customer'	3	f157c97a02406cf39428a92f64581c3a2e09bdd5
FluentCart	execute	Hooks::apply	'btcbi_fluentcart_update_order_status'	3	f157c97a02406cf39428a92f64581c3a2e09bdd5
FluentCart	execute	Hooks::apply	'btcbi_fluentcart_update_payment_status'	3	f157c97a02406cf39428a92f64581c3a2e09bdd5
FluentCart	execute	Hooks::apply	'btcbi_fluentcart_update_shipping_status'	3	f157c97a02406cf39428a92f64581c3a2e09bdd5
FluentCart	execute	Hooks::apply	Config::withPrefix('fluentcart_create_coupon')	4	0de1e79adeb75cb2d3ae1371567cbbae0df08751
FluentCart	execute	Hooks::apply	Config::withPrefix('fluentcart_create_customer')	3	0de1e79adeb75cb2d3ae1371567cbbae0df08751
FluentCart	execute	Hooks::apply	Config::withPrefix('fluentcart_create_order')	5	0de1e79adeb75cb2d3ae1371567cbbae0df08751
FluentCart	execute	Hooks::apply	Config::withPrefix('fluentcart_create_product')	5	0de1e79adeb75cb2d3ae1371567cbbae0df08751
FluentCart	execute	Hooks::apply	Config::withPrefix('fluentcart_delete_coupon')	3	0de1e79adeb75cb2d3ae1371567cbbae0df08751
FluentCart	execute	Hooks::apply	Config::withPrefix('fluentcart_delete_customer')	3	0de1e79adeb75cb2d3ae1371567cbbae0df08751
FluentCart	execute	Hooks::apply	Config::withPrefix('fluentcart_delete_order')	3	0de1e79adeb75cb2d3ae1371567cbbae0df08751
FluentCart	execute	Hooks::apply	Config::withPrefix('fluentcart_delete_product')	3	0de1e79adeb75cb2d3ae1371567cbbae0df08751
FluentCart	execute	Hooks::apply	Config::withPrefix('fluentcart_update_customer')	3	0de1e79adeb75cb2d3ae1371567cbbae0df08751
FluentCart	execute	Hooks::apply	Config::withPrefix('fluentcart_update_order_status')	3	0de1e79adeb75cb2d3ae1371567cbbae0df08751
FluentCart	execute	Hooks::apply	Config::withPrefix('fluentcart_update_payment_status')	3	0de1e79adeb75cb2d3ae1371567cbbae0df08751
FluentCart	execute	Hooks::apply	Config::withPrefix('fluentcart_update_shipping_status')	3	0de1e79adeb75cb2d3ae1371567cbbae0df08751
FluentCrm	execute	Hooks::apply	'btcbi_fluent_crm_assign_company'	3	97d170e1550eee4afc0af065b78cda302a97674c
FluentCrm	execute	Hooks::apply	Config::withPrefix('fluent_crm_assign_company')	3	97d170e1550eee4afc0af065b78cda302a97674c
FluentPlayer	execute	Hooks::apply	Config::withPrefix('fluent_player_add_media_tags')	4	0de1e79adeb75cb2d3ae1371567cbbae0df08751
FluentPlayer	execute	Hooks::apply	Config::withPrefix('fluent_player_add_media_to_playlist')	3	0de1e79adeb75cb2d3ae1371567cbbae0df08751
FluentPlayer	execute	Hooks::apply	Config::withPrefix('fluent_player_change_media_status')	4	0de1e79adeb75cb2d3ae1371567cbbae0df08751
FluentPlayer	execute	Hooks::apply	Config::withPrefix('fluent_player_change_playlist_status')	4	0de1e79adeb75cb2d3ae1371567cbbae0df08751
FluentPlayer	execute	Hooks::apply	Config::withPrefix('fluent_player_create_email_submission')	4	0de1e79adeb75cb2d3ae1371567cbbae0df08751
FluentPlayer	execute	Hooks::apply	Config::withPrefix('fluent_player_create_media')	5	0de1e79adeb75cb2d3ae1371567cbbae0df08751
FluentPlayer	execute	Hooks::apply	Config::withPrefix('fluent_player_create_playlist')	4	0de1e79adeb75cb2d3ae1371567cbbae0df08751
FluentPlayer	execute	Hooks::apply	Config::withPrefix('fluent_player_create_tag')	3	0de1e79adeb75cb2d3ae1371567cbbae0df08751
FluentPlayer	execute	Hooks::apply	Config::withPrefix('fluent_player_delete_media')	3	0de1e79adeb75cb2d3ae1371567cbbae0df08751
FluentPlayer	execute	Hooks::apply	Config::withPrefix('fluent_player_delete_playlist')	3	0de1e79adeb75cb2d3ae1371567cbbae0df08751
FluentPlayer	execute	Hooks::apply	Config::withPrefix('fluent_player_delete_preset')	3	0de1e79adeb75cb2d3ae1371567cbbae0df08751
FluentPlayer	execute	Hooks::apply	Config::withPrefix('fluent_player_delete_tag')	3	0de1e79adeb75cb2d3ae1371567cbbae0df08751
FluentPlayer	execute	Hooks::apply	Config::withPrefix('fluent_player_record_visit')	4	0de1e79adeb75cb2d3ae1371567cbbae0df08751
FluentPlayer	execute	Hooks::apply	Config::withPrefix('fluent_player_record_watch_progression')	4	0de1e79adeb75cb2d3ae1371567cbbae0df08751
FluentPlayer	execute	Hooks::apply	Config::withPrefix('fluent_player_remove_media_from_playlist')	3	0de1e79adeb75cb2d3ae1371567cbbae0df08751
FluentPlayer	execute	Hooks::apply	Config::withPrefix('fluent_player_remove_media_tags')	4	0de1e79adeb75cb2d3ae1371567cbbae0df08751
FluentPlayer	execute	Hooks::apply	Config::withPrefix('fluent_player_rename_tag')	3	0de1e79adeb75cb2d3ae1371567cbbae0df08751
FluentPlayer	execute	Hooks::apply	Config::withPrefix('fluent_player_restore_media')	3	0de1e79adeb75cb2d3ae1371567cbbae0df08751
FluentPlayer	execute	Hooks::apply	Config::withPrefix('fluent_player_restore_playlist')	3	0de1e79adeb75cb2d3ae1371567cbbae0df08751
FluentPlayer	execute	Hooks::apply	Config::withPrefix('fluent_player_save_preset')	3	0de1e79adeb75cb2d3ae1371567cbbae0df08751
FluentPlayer	execute	Hooks::apply	Config::withPrefix('fluent_player_set_media_tags')	4	0de1e79adeb75cb2d3ae1371567cbbae0df08751
FluentPlayer	execute	Hooks::apply	Config::withPrefix('fluent_player_subscribe_email_to_providers')	4	0de1e79adeb75cb2d3ae1371567cbbae0df08751
FluentPlayer	execute	Hooks::apply	Config::withPrefix('fluent_player_trash_media')	3	0de1e79adeb75cb2d3ae1371567cbbae0df08751
FluentPlayer	execute	Hooks::apply	Config::withPrefix('fluent_player_trash_playlist')	3	0de1e79adeb75cb2d3ae1371567cbbae0df08751
FluentPlayer	execute	Hooks::apply	Config::withPrefix('fluent_player_update_media')	5	0de1e79adeb75cb2d3ae1371567cbbae0df08751
FluentPlayer	execute	Hooks::apply	Config::withPrefix('fluent_player_update_playlist')	4	0de1e79adeb75cb2d3ae1371567cbbae0df08751
FluentSupport	createTicketByExistCustomer	apply_filters	'fluent_support/ticket_custom_fields'	2	97d170e1550eee4afc0af065b78cda302a97674c
FluentSupport	uploadTicketFiles	Hooks::run	'btcbi_fluent_support_upload_ticket_attachments'	6	144fb7fd5cd2c372f6a4256d14b09371713ce914
FluentSupport	uploadTicketFiles	Hooks::run	Config::withPrefix('fluent_support_upload_ticket_attachments')	6	144fb7fd5cd2c372f6a4256d14b09371713ce914
FormyChat	execute	Hooks::apply	Config::withPrefix('formy_chat_create_lead')	4	0de1e79adeb75cb2d3ae1371567cbbae0df08751
FreshSales	upsertRecord	Hooks::apply	'btcbi_freshsales_upsert_record'	6	f157c97a02406cf39428a92f64581c3a2e09bdd5
FreshSales	upsertRecord	Hooks::apply	Config::withPrefix('freshsales_upsert_record')	6	2b36e81ccd76c191d64c1c7cace5bb2e249dce48
GetResponse	addContactToCampaign	Hooks::apply	'btcbi_getresponse_autoresponder_day'	3	126b68972342396fd0b113b396baa336494b19cc
GetResponse	addContactToCampaign	Hooks::apply	Config::withPrefix('getresponse_autoresponder_day')	3	126b68972342396fd0b113b396baa336494b19cc
GoogleCalendar	executeRecordApi	Hooks::apply	Config::withPrefix('googlecalendar_rich_description')	4	2be88ca4242c76e8253ac62474851065032d6833
HefflCRM	execute	Hooks::apply	Config::withPrefix('heffl_crm_create_client')	5	0de1e79adeb75cb2d3ae1371567cbbae0df08751
HefflCRM	execute	Hooks::apply	Config::withPrefix('heffl_crm_create_deal')	5	0de1e79adeb75cb2d3ae1371567cbbae0df08751
HefflCRM	execute	Hooks::apply	Config::withPrefix('heffl_crm_create_lead')	5	0de1e79adeb75cb2d3ae1371567cbbae0df08751
HighLevel	createContact	Hooks::apply	'btcbi_high_level_v2_create_contact'	5	f157c97a02406cf39428a92f64581c3a2e09bdd5
HighLevel	createContact	Hooks::apply	Config::withPrefix('high_level_v2_create_contact')	5	62ec369fa2b469514150c0120dde9320f61c1364
HighLevel	createOpportunity	Hooks::apply	'btcbi_high_level_v2_create_opportunity'	6	f157c97a02406cf39428a92f64581c3a2e09bdd5
HighLevel	createOpportunity	Hooks::apply	Config::withPrefix('high_level_v2_create_opportunity')	6	62ec369fa2b469514150c0120dde9320f61c1364
HighLevel	createTask	Hooks::apply	'btcbi_high_level_v2_create_task'	5	f157c97a02406cf39428a92f64581c3a2e09bdd5
HighLevel	createTask	Hooks::apply	Config::withPrefix('high_level_v2_create_task')	5	62ec369fa2b469514150c0120dde9320f61c1364
HighLevel	formatContactData	Hooks::apply	'btcbi_high_level_contact_utilities'	4	b07b2430cc16c515c808fc9e60d1c9c5a8264532
HighLevel	formatContactData	Hooks::apply	Config::withPrefix('high_level_contact_utilities')	4	2b36e81ccd76c191d64c1c7cace5bb2e249dce48
HighLevel	formatOpportunityData	Hooks::apply	'btcbi_high_level_opportunity_utilities'	4	b07b2430cc16c515c808fc9e60d1c9c5a8264532
HighLevel	formatOpportunityData	Hooks::apply	Config::withPrefix('high_level_opportunity_utilities')	4	2b36e81ccd76c191d64c1c7cace5bb2e249dce48
HighLevel	updateContact	Hooks::apply	'btcbi_high_level_v2_update_contact'	5	f157c97a02406cf39428a92f64581c3a2e09bdd5
HighLevel	updateContact	Hooks::apply	Config::withPrefix('high_level_v2_update_contact')	5	62ec369fa2b469514150c0120dde9320f61c1364
HighLevel	updateOpportunity	Hooks::apply	'btcbi_high_level_v2_update_opportunity'	6	f157c97a02406cf39428a92f64581c3a2e09bdd5
HighLevel	updateOpportunity	Hooks::apply	Config::withPrefix('high_level_v2_update_opportunity')	6	62ec369fa2b469514150c0120dde9320f61c1364
HighLevel	updateTask	Hooks::apply	'btcbi_high_level_v2_update_task'	6	f157c97a02406cf39428a92f64581c3a2e09bdd5
HighLevel	updateTask	Hooks::apply	Config::withPrefix('high_level_v2_update_task')	6	62ec369fa2b469514150c0120dde9320f61c1364
Hubspot	updateEntity	Hooks::apply	'btcbi_hubspot_update_entity'	6	f157c97a02406cf39428a92f64581c3a2e09bdd5
Hubspot	updateEntity	Hooks::apply	Config::withPrefix('hubspot_update_entity')	5	ce376578098cf70af7021fca72fe4e15a4a98365
Instasent	execute	Hooks::apply	Config::withPrefix('instasent_create_contact_event')	5	7a8efd1328c2152244072668c454a0dabc0a4f24
Instasent	execute	Hooks::apply	Config::withPrefix('instasent_create_datasource')	5	7a8efd1328c2152244072668c454a0dabc0a4f24
Instasent	execute	Hooks::apply	Config::withPrefix('instasent_create_lookup')	4	7a8efd1328c2152244072668c454a0dabc0a4f24
Instasent	execute	Hooks::apply	Config::withPrefix('instasent_create_or_update_contact')	5	7a8efd1328c2152244072668c454a0dabc0a4f24
Instasent	execute	Hooks::apply	Config::withPrefix('instasent_delete_contact')	5	7a8efd1328c2152244072668c454a0dabc0a4f24
Instasent	execute	Hooks::apply	Config::withPrefix('instasent_send_sms')	4	7a8efd1328c2152244072668c454a0dabc0a4f24
IvyForms	execute	Hooks::apply	Config::withPrefix('ivy_forms_create_entry')	4	0de1e79adeb75cb2d3ae1371567cbbae0df08751
JetEngine	createContentType	Hooks::apply	'btcbi_jet_engine_create_content_type_actions'	4	b07b2430cc16c515c808fc9e60d1c9c5a8264532
JetEngine	createContentType	Hooks::apply	Config::withPrefix('jet_engine_create_content_type_actions')	4	a6adf8f9ea4ec2c2cf0ee72dfba3733a53b0d009
JetEngine	createPostType	Hooks::apply	'btcbi_jet_engine_create_post_type_actions'	4	b07b2430cc16c515c808fc9e60d1c9c5a8264532
JetEngine	createPostType	Hooks::apply	Config::withPrefix('jet_engine_create_post_type_actions')	4	359574040eb13ab054953242422475668e4fa049
JetEngine	createRelation	Hooks::apply	'btcbi_jet_engine_create_relation_actions'	4	b07b2430cc16c515c808fc9e60d1c9c5a8264532
JetEngine	createRelation	Hooks::apply	Config::withPrefix('jet_engine_create_relation_actions')	4	09cf701677d48f76a7ef631857abbf9afa7d9c49
JetEngine	createTaxonomy	Hooks::apply	'btcbi_jet_engine_create_taxonomy_actions'	4	b07b2430cc16c515c808fc9e60d1c9c5a8264532
JetEngine	createTaxonomy	Hooks::apply	Config::withPrefix('jet_engine_create_taxonomy_actions')	4	4b5e7c993769fd671ec8c9cb3424e1b6d41b2c06
JetEngine	updateContentType	Hooks::apply	'btcbi_jet_engine_create_content_type_actions'	4	b07b2430cc16c515c808fc9e60d1c9c5a8264532
JetEngine	updateContentType	Hooks::apply	Config::withPrefix('jet_engine_create_content_type_actions')	4	ee10491ef1c63fa886bdb4970777a6d53112a987
JetEngine	updatePostType	Hooks::apply	'btcbi_jet_engine_create_post_type_actions'	4	b07b2430cc16c515c808fc9e60d1c9c5a8264532
JetEngine	updatePostType	Hooks::apply	Config::withPrefix('jet_engine_create_post_type_actions')	4	62ca4ee7a767824896fcb83c9359eb17c5e5098f
JetEngine	updateRelation	Hooks::apply	'btcbi_jet_engine_create_relation_actions'	4	b07b2430cc16c515c808fc9e60d1c9c5a8264532
JetEngine	updateRelation	Hooks::apply	Config::withPrefix('jet_engine_create_relation_actions')	4	3657e90d700c2aaef7c7d896ff0d64457fc37031
JetEngine	updateTaxonomy	Hooks::apply	'btcbi_jet_engine_create_taxonomy_actions'	4	b07b2430cc16c515c808fc9e60d1c9c5a8264532
JetEngine	updateTaxonomy	Hooks::apply	Config::withPrefix('jet_engine_create_taxonomy_actions')	4	0539bcecfa4f0de16f08cfc2d28b8de174a5d79b
Klaviyo	handleProfile	Hooks::apply	'btcbi_klaviyo_custom_properties'	4	461e9bac5c124e13e943d74294b5b3c23e91e59a
Klaviyo	handleProfile	Hooks::apply	'btcbi_klaviyo_update_profile'	5	f157c97a02406cf39428a92f64581c3a2e09bdd5
Klaviyo	handleProfile	Hooks::apply	Config::withPrefix('klaviyo_custom_properties')	4	461e9bac5c124e13e943d74294b5b3c23e91e59a
Klaviyo	handleProfile	Hooks::apply	Config::withPrefix('klaviyo_update_profile')	5	7cb6efb98ba5972a9b5090dc2e517fe14d12cb04
LMFWC	createGenerator	Hooks::apply	'btcbi_lmfwc_create_generator'	5	f157c97a02406cf39428a92f64581c3a2e09bdd5
LMFWC	createGenerator	Hooks::apply	Config::withPrefix('lmfwc_create_generator')	5	7cb6efb98ba5972a9b5090dc2e517fe14d12cb04
LMFWC	licenseRelatedAction	Hooks::apply	'btcbi_lmfwc_activate_licence'	5	f157c97a02406cf39428a92f64581c3a2e09bdd5
LMFWC	licenseRelatedAction	Hooks::apply	'btcbi_lmfwc_deactivate_licence'	6	f157c97a02406cf39428a92f64581c3a2e09bdd5
LMFWC	licenseRelatedAction	Hooks::apply	'btcbi_lmfwc_delete_licence'	5	f157c97a02406cf39428a92f64581c3a2e09bdd5
LMFWC	licenseRelatedAction	Hooks::apply	'btcbi_lmfwc_reactivate_licence'	6	f157c97a02406cf39428a92f64581c3a2e09bdd5
LMFWC	licenseRelatedAction	Hooks::apply	Config::withPrefix('lmfwc_activate_licence')	5	7cb6efb98ba5972a9b5090dc2e517fe14d12cb04
LMFWC	licenseRelatedAction	Hooks::apply	Config::withPrefix('lmfwc_deactivate_licence')	6	7cb6efb98ba5972a9b5090dc2e517fe14d12cb04
LMFWC	licenseRelatedAction	Hooks::apply	Config::withPrefix('lmfwc_delete_licence')	5	7cb6efb98ba5972a9b5090dc2e517fe14d12cb04
LMFWC	licenseRelatedAction	Hooks::apply	Config::withPrefix('lmfwc_reactivate_licence')	6	7cb6efb98ba5972a9b5090dc2e517fe14d12cb04
LMFWC	updateGenerator	Hooks::apply	'btcbi_lmfwc_update_generator'	6	f157c97a02406cf39428a92f64581c3a2e09bdd5
LMFWC	updateGenerator	Hooks::apply	Config::withPrefix('lmfwc_update_generator')	6	7cb6efb98ba5972a9b5090dc2e517fe14d12cb04
LMFWC	updateLicense	Hooks::apply	'btcbi_lmfwc_update_licence'	6	f157c97a02406cf39428a92f64581c3a2e09bdd5
LMFWC	updateLicense	Hooks::apply	Config::withPrefix('lmfwc_update_licence')	6	7cb6efb98ba5972a9b5090dc2e517fe14d12cb04
LatePoint	execute	Hooks::apply	Config::withPrefix('latepoint_cancel_booking')	3	0de1e79adeb75cb2d3ae1371567cbbae0df08751
LatePoint	execute	Hooks::apply	Config::withPrefix('latepoint_create_agent')	4	0de1e79adeb75cb2d3ae1371567cbbae0df08751
LatePoint	execute	Hooks::apply	Config::withPrefix('latepoint_create_booking')	5	0de1e79adeb75cb2d3ae1371567cbbae0df08751
LatePoint	execute	Hooks::apply	Config::withPrefix('latepoint_create_coupon')	4	0de1e79adeb75cb2d3ae1371567cbbae0df08751
LatePoint	execute	Hooks::apply	Config::withPrefix('latepoint_create_customer')	3	0de1e79adeb75cb2d3ae1371567cbbae0df08751
LatePoint	execute	Hooks::apply	Config::withPrefix('latepoint_create_order')	5	0de1e79adeb75cb2d3ae1371567cbbae0df08751
LatePoint	execute	Hooks::apply	Config::withPrefix('latepoint_update_booking')	5	0de1e79adeb75cb2d3ae1371567cbbae0df08751
LatePoint	execute	Hooks::apply	Config::withPrefix('latepoint_update_coupon')	4	0de1e79adeb75cb2d3ae1371567cbbae0df08751
LearnDash	createGroup	apply_filters	'uo_create_new_group_status'	2	d3645730e31a7e42eef544502da0f3ee3c8865fa
Line	sendBroadcastMessage	Hooks::apply	'btcbi_line_broadcast_message'	5	f157c97a02406cf39428a92f64581c3a2e09bdd5
Line	sendBroadcastMessage	Hooks::apply	Config::withPrefix('line_broadcast_message')	5	7cb6efb98ba5972a9b5090dc2e517fe14d12cb04
Line	sendReplyMessage	Hooks::apply	'btcbi_line_reply_message'	5	f157c97a02406cf39428a92f64581c3a2e09bdd5
Line	sendReplyMessage	Hooks::apply	Config::withPrefix('line_reply_message')	5	7cb6efb98ba5972a9b5090dc2e517fe14d12cb04
MailChimp	addRemoveTag	Hooks::apply	'btcbi_mailchimp_add_remove_tag'	5	f157c97a02406cf39428a92f64581c3a2e09bdd5
MailChimp	addRemoveTag	Hooks::apply	Config::withPrefix('mailchimp_add_remove_tag')	5	2b36e81ccd76c191d64c1c7cace5bb2e249dce48
MailChimp	execute	Hooks::apply	'btcbi_mailchimp_map_language'	3	34e10a97491b23c9aea7561ab241b7cdb26e7af7
MailChimp	execute	Hooks::apply	Config::withPrefix('mailchimp_map_language')	3	34e10a97491b23c9aea7561ab241b7cdb26e7af7
MailChimp	execute	Hooks::run	'btcbi_mailchimp_store_gdpr_permission'	7	2385af99e21f2988ffbb0b85d0e8a952c856ea55
MailChimp	execute	Hooks::run	Config::withPrefix('mailchimp_store_gdpr_permission')	7	2385af99e21f2988ffbb0b85d0e8a952c856ea55
MailPoet	insertRecord	Hooks::apply	'btcbi_mailpoet_update_subscriber'	3	f157c97a02406cf39428a92f64581c3a2e09bdd5
MailPoet	insertRecord	Hooks::apply	Config::withPrefix('mailpoet_update_subscriber')	3	a0baea1030a56e58d53aa0913d321b44c765e9b8
MailerLite	deleteSubscriber	Hooks::apply	'btcbi_mailerlite_delete_subscriber'	7	f157c97a02406cf39428a92f64581c3a2e09bdd5
MailerLite	deleteSubscriber	Hooks::apply	Config::withPrefix('mailerlite_delete_subscriber')	7	7cb6efb98ba5972a9b5090dc2e517fe14d12cb04
MailerLite	unassignSubscriberFromGroup	Hooks::apply	Config::withPrefix('mailerlite_unassign_subscriber_from_group')	6	7cb6efb98ba5972a9b5090dc2e517fe14d12cb04
MailerPress	execute	Hooks::apply	'btcbi_mailerpress_add_tags'	4	f157c97a02406cf39428a92f64581c3a2e09bdd5
MailerPress	execute	Hooks::apply	'btcbi_mailerpress_add_to_lists'	4	f157c97a02406cf39428a92f64581c3a2e09bdd5
MailerPress	execute	Hooks::apply	'btcbi_mailerpress_delete_contact'	3	f157c97a02406cf39428a92f64581c3a2e09bdd5
MailerPress	execute	Hooks::apply	'btcbi_mailerpress_remove_from_lists'	4	f157c97a02406cf39428a92f64581c3a2e09bdd5
MailerPress	execute	Hooks::apply	'btcbi_mailerpress_remove_tags'	4	f157c97a02406cf39428a92f64581c3a2e09bdd5
MailerPress	execute	Hooks::apply	Config::withPrefix('mailerpress_add_tags')	4	0de1e79adeb75cb2d3ae1371567cbbae0df08751
MailerPress	execute	Hooks::apply	Config::withPrefix('mailerpress_add_to_lists')	4	0de1e79adeb75cb2d3ae1371567cbbae0df08751
MailerPress	execute	Hooks::apply	Config::withPrefix('mailerpress_delete_contact')	3	0de1e79adeb75cb2d3ae1371567cbbae0df08751
MailerPress	execute	Hooks::apply	Config::withPrefix('mailerpress_remove_from_lists')	4	0de1e79adeb75cb2d3ae1371567cbbae0df08751
MailerPress	execute	Hooks::apply	Config::withPrefix('mailerpress_remove_tags')	4	0de1e79adeb75cb2d3ae1371567cbbae0df08751
MainWP	execute	Hooks::apply	Config::withPrefix('main_wp_activate_plugin')	3	0de1e79adeb75cb2d3ae1371567cbbae0df08751
MainWP	execute	Hooks::apply	Config::withPrefix('main_wp_create_post')	3	0de1e79adeb75cb2d3ae1371567cbbae0df08751
MainWP	execute	Hooks::apply	Config::withPrefix('main_wp_create_user')	3	0de1e79adeb75cb2d3ae1371567cbbae0df08751
MainWP	execute	Hooks::apply	Config::withPrefix('main_wp_deactivate_plugin')	3	0de1e79adeb75cb2d3ae1371567cbbae0df08751
MainWP	execute	Hooks::apply	Config::withPrefix('main_wp_delete_post')	3	0de1e79adeb75cb2d3ae1371567cbbae0df08751
MainWP	execute	Hooks::apply	Config::withPrefix('main_wp_sync_all_sites')	3	0de1e79adeb75cb2d3ae1371567cbbae0df08751
MainWP	execute	Hooks::apply	Config::withPrefix('main_wp_sync_site')	3	0de1e79adeb75cb2d3ae1371567cbbae0df08751
MainWP	execute	Hooks::apply	Config::withPrefix('main_wp_update_post')	3	0de1e79adeb75cb2d3ae1371567cbbae0df08751
MasterStudyLms	complete_course	do_action	'stm_lms_lesson_passed'	3	1686487e29535c9d46ecb33998db33518cb4fd58
MasterStudyLms	complete_course	do_action	'stm_lms_quiz_' . $status	4	1686487e29535c9d46ecb33998db33518cb4fd58
MasterStudyLms	complete_lesson	do_action	'stm_lms_lesson_passed'	3	1686487e29535c9d46ecb33998db33518cb4fd58
MasterStudyLms	complete_quiz	do_action	'stm_lms_quiz_' . $status	4	1686487e29535c9d46ecb33998db33518cb4fd58
MasterStudyLms	execute	Hooks::apply	Config::withPrefix('master_study_lms_enroll_user')	3	0de1e79adeb75cb2d3ae1371567cbbae0df08751
MasterStudyLms	execute	Hooks::apply	Config::withPrefix('master_study_lms_mark_course_complete')	3	0de1e79adeb75cb2d3ae1371567cbbae0df08751
MasterStudyLms	execute	Hooks::apply	Config::withPrefix('master_study_lms_mark_lesson_complete')	3	0de1e79adeb75cb2d3ae1371567cbbae0df08751
MasterStudyLms	execute	Hooks::apply	Config::withPrefix('master_study_lms_unenroll_user')	3	0de1e79adeb75cb2d3ae1371567cbbae0df08751
ModernCart	execute	Hooks::apply	Config::withPrefix('modern_cart_add_product_to_cart')	4	0de1e79adeb75cb2d3ae1371567cbbae0df08751
ModernCart	execute	Hooks::apply	Config::withPrefix('modern_cart_remove_product_from_cart')	4	0de1e79adeb75cb2d3ae1371567cbbae0df08751
ModernCart	execute	Hooks::apply	Config::withPrefix('modern_cart_update_cart_quantity')	4	0de1e79adeb75cb2d3ae1371567cbbae0df08751
MondayCom	execute	Hooks::apply	Config::withPrefix('mondayCom_archive_board')	4	7cb6efb98ba5972a9b5090dc2e517fe14d12cb04
MondayCom	execute	Hooks::apply	Config::withPrefix('mondayCom_archive_group')	5	7cb6efb98ba5972a9b5090dc2e517fe14d12cb04
MondayCom	execute	Hooks::apply	Config::withPrefix('mondayCom_archive_item')	4	7cb6efb98ba5972a9b5090dc2e517fe14d12cb04
MondayCom	execute	Hooks::apply	Config::withPrefix('mondayCom_create_column')	5	7cb6efb98ba5972a9b5090dc2e517fe14d12cb04
MondayCom	execute	Hooks::apply	Config::withPrefix('mondayCom_create_group')	5	7cb6efb98ba5972a9b5090dc2e517fe14d12cb04
MondayCom	execute	Hooks::apply	Config::withPrefix('mondayCom_create_item')	5	7cb6efb98ba5972a9b5090dc2e517fe14d12cb04
MondayCom	execute	Hooks::apply	Config::withPrefix('mondayCom_create_subitem')	5	7cb6efb98ba5972a9b5090dc2e517fe14d12cb04
MondayCom	execute	Hooks::apply	Config::withPrefix('mondayCom_delete_group')	5	7cb6efb98ba5972a9b5090dc2e517fe14d12cb04
MondayCom	execute	Hooks::apply	Config::withPrefix('mondayCom_delete_item')	4	7cb6efb98ba5972a9b5090dc2e517fe14d12cb04
MondayCom	execute	Hooks::apply	Config::withPrefix('mondayCom_duplicate_group')	5	7cb6efb98ba5972a9b5090dc2e517fe14d12cb04
MondayCom	execute	Hooks::apply	Config::withPrefix('mondayCom_move_item_to_group')	4	7cb6efb98ba5972a9b5090dc2e517fe14d12cb04
MondayCom	execute	Hooks::apply	Config::withPrefix('mondayCom_update_item')	5	7cb6efb98ba5972a9b5090dc2e517fe14d12cb04
Moosend	generateReqDataFromFieldMap	Hooks::apply	'btcbi_moosend_map_custom_fields'	4	2294e08e9e1099b00c1727d95782588b15e3ef71
Moosend	generateReqDataFromFieldMap	Hooks::apply	Config::withPrefix('moosend_map_custom_fields')	4	bed18a324de6c63a34b3d9301187ab8118fe6fde
MoreConvertWishlist	execute	Hooks::apply	Config::withPrefix('more_convert_wishlist_add_product_to_wishlist')	4	0de1e79adeb75cb2d3ae1371567cbbae0df08751
MoreConvertWishlist	execute	Hooks::apply	Config::withPrefix('more_convert_wishlist_create_customer')	4	0de1e79adeb75cb2d3ae1371567cbbae0df08751
MoreConvertWishlist	execute	Hooks::apply	Config::withPrefix('more_convert_wishlist_create_wishlist')	4	0de1e79adeb75cb2d3ae1371567cbbae0df08751
MoreConvertWishlist	execute	Hooks::apply	Config::withPrefix('more_convert_wishlist_delete_wishlist')	3	0de1e79adeb75cb2d3ae1371567cbbae0df08751
MoreConvertWishlist	execute	Hooks::apply	Config::withPrefix('more_convert_wishlist_remove_product_from_wishlist')	4	0de1e79adeb75cb2d3ae1371567cbbae0df08751
MoreConvertWishlist	execute	Hooks::apply	Config::withPrefix('more_convert_wishlist_subscribe_customer')	3	0de1e79adeb75cb2d3ae1371567cbbae0df08751
MoreConvertWishlist	execute	Hooks::apply	Config::withPrefix('more_convert_wishlist_unsubscribe_customer')	3	0de1e79adeb75cb2d3ae1371567cbbae0df08751
MoreConvertWishlist	execute	Hooks::apply	Config::withPrefix('more_convert_wishlist_update_wishlist')	4	0de1e79adeb75cb2d3ae1371567cbbae0df08751
NextCrm	execute	Hooks::apply	Config::withPrefix('next_crm_add_contact_activity')	4	0de1e79adeb75cb2d3ae1371567cbbae0df08751
NextCrm	execute	Hooks::apply	Config::withPrefix('next_crm_add_contact_to_list')	4	0de1e79adeb75cb2d3ae1371567cbbae0df08751
NextCrm	execute	Hooks::apply	Config::withPrefix('next_crm_add_tag_to_contact')	4	0de1e79adeb75cb2d3ae1371567cbbae0df08751
NextCrm	execute	Hooks::apply	Config::withPrefix('next_crm_change_contact_status')	4	0de1e79adeb75cb2d3ae1371567cbbae0df08751
NextCrm	execute	Hooks::apply	Config::withPrefix('next_crm_create_contact')	4	0de1e79adeb75cb2d3ae1371567cbbae0df08751
NextCrm	execute	Hooks::apply	Config::withPrefix('next_crm_create_list')	3	0de1e79adeb75cb2d3ae1371567cbbae0df08751
NextCrm	execute	Hooks::apply	Config::withPrefix('next_crm_create_tag')	3	0de1e79adeb75cb2d3ae1371567cbbae0df08751
NextCrm	execute	Hooks::apply	Config::withPrefix('next_crm_delete_contact')	3	0de1e79adeb75cb2d3ae1371567cbbae0df08751
NextCrm	execute	Hooks::apply	Config::withPrefix('next_crm_remove_contact_from_list')	4	0de1e79adeb75cb2d3ae1371567cbbae0df08751
NextCrm	execute	Hooks::apply	Config::withPrefix('next_crm_remove_tag_from_contact')	4	0de1e79adeb75cb2d3ae1371567cbbae0df08751
NextCrm	execute	Hooks::apply	Config::withPrefix('next_crm_send_campaign_email')	5	0de1e79adeb75cb2d3ae1371567cbbae0df08751
NextCrm	execute	Hooks::apply	Config::withPrefix('next_crm_update_contact')	4	0de1e79adeb75cb2d3ae1371567cbbae0df08751
NextCrm	execute	Hooks::apply	Config::withPrefix('next_crm_update_contact_field')	4	0de1e79adeb75cb2d3ae1371567cbbae0df08751
NinjaTables	executeAddRow	apply_filters	Config::withPrefix(self::FILTER_ADD_ROW)	3	0de1e79adeb75cb2d3ae1371567cbbae0df08751
NinjaTables	executeUpdateRow	apply_filters	Config::withPrefix(self::FILTER_UPDATE_ROW)	3	0de1e79adeb75cb2d3ae1371567cbbae0df08751
NotificationX	execute	Hooks::apply	Config::withPrefix('notificationx_add_email_subscription')	3	0de1e79adeb75cb2d3ae1371567cbbae0df08751
NotificationX	execute	Hooks::apply	Config::withPrefix('notificationx_add_notification_entry')	3	0de1e79adeb75cb2d3ae1371567cbbae0df08751
NotificationX	execute	Hooks::apply	Config::withPrefix('notificationx_add_reviews')	3	0de1e79adeb75cb2d3ae1371567cbbae0df08751
NotificationX	execute	Hooks::apply	Config::withPrefix('notificationx_add_sales_notification')	3	0de1e79adeb75cb2d3ae1371567cbbae0df08751
NotificationX	execute	Hooks::apply	Config::withPrefix('notificationx_delete_notification')	3	0de1e79adeb75cb2d3ae1371567cbbae0df08751
NotificationX	execute	Hooks::apply	Config::withPrefix('notificationx_disable_notification')	3	0de1e79adeb75cb2d3ae1371567cbbae0df08751
NotificationX	execute	Hooks::apply	Config::withPrefix('notificationx_enable_notification')	3	0de1e79adeb75cb2d3ae1371567cbbae0df08751
OmniSend	execute	Hooks::apply	'btcbi_omnisend_custom_properties'	4	ef8dcff538405ffd80356faf3807f126a5b18bd4
OmniSend	execute	Hooks::apply	Config::withPrefix('omnisend_custom_properties')	4	e4c27db7efdda54de7dfc3e1656d950b81193ffd
PeepSo	execute	Hooks::apply	Config::withPrefix('peepso_add_post_activity_stream')	3	0de1e79adeb75cb2d3ae1371567cbbae0df08751
PeepSo	execute	Hooks::apply	Config::withPrefix('peepso_change_user_role')	3	0de1e79adeb75cb2d3ae1371567cbbae0df08751
PeepSo	execute	Hooks::apply	Config::withPrefix('peepso_follow_user')	3	0de1e79adeb75cb2d3ae1371567cbbae0df08751
PipeDrive	execute	Hooks::run	'btcbi_pipedrive_store_related_list'	7	f31d95e68b76c9f1a23c7449d0d2a40bc9923e6e
PipeDrive	execute	Hooks::run	Config::withPrefix('pipedrive_store_related_list')	7	f31d95e68b76c9f1a23c7449d0d2a40bc9923e6e
Pointics	execute	Hooks::apply	Config::withPrefix('pointics_adjust_points')	3	0de1e79adeb75cb2d3ae1371567cbbae0df08751
Pointics	execute	Hooks::apply	Config::withPrefix('pointics_award_channel_points')	4	0de1e79adeb75cb2d3ae1371567cbbae0df08751
Pointics	execute	Hooks::apply	Config::withPrefix('pointics_cancel_redemption')	3	0de1e79adeb75cb2d3ae1371567cbbae0df08751
Pointics	execute	Hooks::apply	Config::withPrefix('pointics_cancel_referral_invite')	3	0de1e79adeb75cb2d3ae1371567cbbae0df08751
Pointics	execute	Hooks::apply	Config::withPrefix('pointics_complete_referral_purchase')	3	0de1e79adeb75cb2d3ae1371567cbbae0df08751
Pointics	execute	Hooks::apply	Config::withPrefix('pointics_complete_referral_registration')	3	0de1e79adeb75cb2d3ae1371567cbbae0df08751
Pointics	execute	Hooks::apply	Config::withPrefix('pointics_recompute_member_tier')	4	0de1e79adeb75cb2d3ae1371567cbbae0df08751
Pointics	execute	Hooks::apply	Config::withPrefix('pointics_send_referral_invite')	3	0de1e79adeb75cb2d3ae1371567cbbae0df08751
PopupMaker	execute	Hooks::apply	Config::withPrefix('popup_maker_change_popup_status')	4	0de1e79adeb75cb2d3ae1371567cbbae0df08751
PopupMaker	execute	Hooks::apply	Config::withPrefix('popup_maker_create_popup')	5	0de1e79adeb75cb2d3ae1371567cbbae0df08751
PopupMaker	execute	Hooks::apply	Config::withPrefix('popup_maker_create_subscriber')	5	0de1e79adeb75cb2d3ae1371567cbbae0df08751
PopupMaker	execute	Hooks::apply	Config::withPrefix('popup_maker_delete_popup')	4	0de1e79adeb75cb2d3ae1371567cbbae0df08751
PopupMaker	execute	Hooks::apply	Config::withPrefix('popup_maker_delete_subscriber')	3	0de1e79adeb75cb2d3ae1371567cbbae0df08751
PopupMaker	execute	Hooks::apply	Config::withPrefix('popup_maker_reset_popup_counts')	3	0de1e79adeb75cb2d3ae1371567cbbae0df08751
PopupMaker	execute	Hooks::apply	Config::withPrefix('popup_maker_track_popup_event')	4	0de1e79adeb75cb2d3ae1371567cbbae0df08751
PopupMaker	execute	Hooks::apply	Config::withPrefix('popup_maker_update_popup')	5	0de1e79adeb75cb2d3ae1371567cbbae0df08751
PopupMaker	execute	Hooks::apply	Config::withPrefix('popup_maker_update_subscriber')	5	0de1e79adeb75cb2d3ae1371567cbbae0df08751
PostCreation	execute	Hooks::run	'btcbi_add_post_tag'	3	098401b6ec54ae6a2c0b2dd2f4683d46e9d84fd5
PostCreation	execute	Hooks::run	Config::withPrefix('add_post_tag')	3	098401b6ec54ae6a2c0b2dd2f4683d46e9d84fd5
PostCreation	executeWordPressPostAction	Hooks::apply	Config::withPrefix($actionType)	3	0de1e79adeb75cb2d3ae1371567cbbae0df08751
PowerCoupons	execute	Hooks::apply	Config::withPrefix('power_coupons_create_coupon')	4	0de1e79adeb75cb2d3ae1371567cbbae0df08751
PowerCoupons	execute	Hooks::apply	Config::withPrefix('power_coupons_delete_coupon')	4	0de1e79adeb75cb2d3ae1371567cbbae0df08751
PowerCoupons	execute	Hooks::apply	Config::withPrefix('power_coupons_toggle_auto_apply')	4	0de1e79adeb75cb2d3ae1371567cbbae0df08751
PowerCoupons	execute	Hooks::apply	Config::withPrefix('power_coupons_toggle_show_in_slideout')	4	0de1e79adeb75cb2d3ae1371567cbbae0df08751
PowerCoupons	execute	Hooks::apply	Config::withPrefix('power_coupons_update_coupon')	4	0de1e79adeb75cb2d3ae1371567cbbae0df08751
ProfilePress	execute	Hooks::apply	Config::withPrefix('profilepress_add_new_order')	5	0de1e79adeb75cb2d3ae1371567cbbae0df08751
ProfilePress	execute	Hooks::apply	Config::withPrefix('profilepress_add_or_update_customer')	3	0de1e79adeb75cb2d3ae1371567cbbae0df08751
Registration	executeWordPressUserAction	Hooks::apply	Config::withPrefix($actionType)	3	0de1e79adeb75cb2d3ae1371567cbbae0df08751
Salesforce	execute	Hooks::apply	'btcbi_salesforce_add_lead_utilities'	3	144fb7fd5cd2c372f6a4256d14b09371713ce914
Salesforce	execute	Hooks::apply	Config::withPrefix('salesforce_add_lead_utilities')	3	144fb7fd5cd2c372f6a4256d14b09371713ce914
Salesforce	getAllLeadIndustries	Hooks::apply	'btcbi_salesforce_get_lead_utilities'	4	f157c97a02406cf39428a92f64581c3a2e09bdd5
Salesforce	getAllLeadIndustries	Hooks::apply	Config::withPrefix('salesforce_get_lead_utilities')	4	97d170e1550eee4afc0af065b78cda302a97674c
Salesforce	getAllLeadRatings	Hooks::apply	'btcbi_salesforce_get_lead_utilities'	4	f157c97a02406cf39428a92f64581c3a2e09bdd5
Salesforce	getAllLeadRatings	Hooks::apply	Config::withPrefix('salesforce_get_lead_utilities')	4	97d170e1550eee4afc0af065b78cda302a97674c
Salesforce	getAllLeadSources	Hooks::apply	'btcbi_salesforce_get_lead_utilities'	4	f157c97a02406cf39428a92f64581c3a2e09bdd5
Salesforce	getAllLeadSources	Hooks::apply	Config::withPrefix('salesforce_get_lead_utilities')	4	97d170e1550eee4afc0af065b78cda302a97674c
Salesforce	getAllLeadStatus	Hooks::apply	'btcbi_salesforce_get_lead_utilities'	4	f157c97a02406cf39428a92f64581c3a2e09bdd5
Salesforce	getAllLeadStatus	Hooks::apply	Config::withPrefix('salesforce_get_lead_utilities')	4	97d170e1550eee4afc0af065b78cda302a97674c
Salesforce	insertContact	Hooks::apply	'btcbi_salesforce_update_record'	5	ac9e1379308cebeb763aacdaf0709b7da8dca043
Salesforce	insertContact	Hooks::apply	Config::withPrefix('salesforce_update_record')	5	f157c97a02406cf39428a92f64581c3a2e09bdd5
Salesforce	insertLead	Hooks::apply	'btcbi_salesforce_update_record'	5	ac9e1379308cebeb763aacdaf0709b7da8dca043
Salesforce	insertLead	Hooks::apply	Config::withPrefix('salesforce_update_record')	5	f157c97a02406cf39428a92f64581c3a2e09bdd5
SecureCustomFields	execute	Hooks::apply	Config::withPrefix('secure_custom_fields_update_group_field_value')	3	0de1e79adeb75cb2d3ae1371567cbbae0df08751
SecureCustomFields	execute	Hooks::apply	Config::withPrefix('secure_custom_fields_update_option_acf_value')	3	0de1e79adeb75cb2d3ae1371567cbbae0df08751
SecureCustomFields	execute	Hooks::apply	Config::withPrefix('secure_custom_fields_update_post_acf_value')	3	0de1e79adeb75cb2d3ae1371567cbbae0df08751
SecureCustomFields	execute	Hooks::apply	Config::withPrefix('secure_custom_fields_update_repeater_field_value')	3	0de1e79adeb75cb2d3ae1371567cbbae0df08751
SecureCustomFields	execute	Hooks::apply	Config::withPrefix('secure_custom_fields_update_user_acf_value')	3	0de1e79adeb75cb2d3ae1371567cbbae0df08751
SendPulse	sendPulseHeaders	Hooks::apply	'btcbi_sendPulse_refresh_fields'	4	467689011f2b020b57816d6a86f2c7fead970667
SendPulse	sendPulseHeaders	Hooks::apply	Config::withPrefix('sendPulse_refresh_fields')	4	d2389373c4d226ef389a44a6ea431427c26dd7a9
Sender	execute	Hooks::apply	Config::withPrefix('sender_add_subscriber_to_group')	4	0de1e79adeb75cb2d3ae1371567cbbae0df08751
Sender	execute	Hooks::apply	Config::withPrefix('sender_create_group')	4	0de1e79adeb75cb2d3ae1371567cbbae0df08751
Sender	execute	Hooks::apply	Config::withPrefix('sender_create_or_update_subscriber')	4	0de1e79adeb75cb2d3ae1371567cbbae0df08751
Sender	execute	Hooks::apply	Config::withPrefix('sender_delete_group')	4	0de1e79adeb75cb2d3ae1371567cbbae0df08751
Sender	execute	Hooks::apply	Config::withPrefix('sender_delete_subscriber')	4	0de1e79adeb75cb2d3ae1371567cbbae0df08751
Sender	execute	Hooks::apply	Config::withPrefix('sender_remove_phone_from_subscriber')	4	0de1e79adeb75cb2d3ae1371567cbbae0df08751
Sender	execute	Hooks::apply	Config::withPrefix('sender_remove_subscriber_from_group')	4	0de1e79adeb75cb2d3ae1371567cbbae0df08751
Sender	execute	Hooks::apply	Config::withPrefix('sender_update_group')	4	0de1e79adeb75cb2d3ae1371567cbbae0df08751
Sender	execute	Hooks::apply	Config::withPrefix('sender_update_subscriber')	4	0de1e79adeb75cb2d3ae1371567cbbae0df08751
SenseiLMS	execute	Hooks::apply	Config::withPrefix('sensei_lms_complete_course_for_user')	4	0de1e79adeb75cb2d3ae1371567cbbae0df08751
SenseiLMS	execute	Hooks::apply	Config::withPrefix('sensei_lms_create_certificate')	4	0de1e79adeb75cb2d3ae1371567cbbae0df08751
SenseiLMS	execute	Hooks::apply	Config::withPrefix('sensei_lms_create_course')	4	0de1e79adeb75cb2d3ae1371567cbbae0df08751
SenseiLMS	execute	Hooks::apply	Config::withPrefix('sensei_lms_create_lesson')	4	0de1e79adeb75cb2d3ae1371567cbbae0df08751
SenseiLMS	execute	Hooks::apply	Config::withPrefix('sensei_lms_enroll_user_in_course')	4	0de1e79adeb75cb2d3ae1371567cbbae0df08751
SenseiLMS	execute	Hooks::apply	Config::withPrefix('sensei_lms_grade_quiz')	4	0de1e79adeb75cb2d3ae1371567cbbae0df08751
SenseiLMS	execute	Hooks::apply	Config::withPrefix('sensei_lms_reset_course_for_user')	4	0de1e79adeb75cb2d3ae1371567cbbae0df08751
SenseiLMS	execute	Hooks::apply	Config::withPrefix('sensei_lms_reset_lesson_for_user')	4	0de1e79adeb75cb2d3ae1371567cbbae0df08751
SenseiLMS	execute	Hooks::apply	Config::withPrefix('sensei_lms_start_course_for_user')	4	0de1e79adeb75cb2d3ae1371567cbbae0df08751
SenseiLMS	execute	Hooks::apply	Config::withPrefix('sensei_lms_start_lesson_for_user')	4	0de1e79adeb75cb2d3ae1371567cbbae0df08751
SenseiLMS	execute	Hooks::apply	Config::withPrefix('sensei_lms_update_lesson_status')	4	0de1e79adeb75cb2d3ae1371567cbbae0df08751
SenseiLMS	execute	Hooks::apply	Config::withPrefix('sensei_lms_withdraw_user_from_course')	4	0de1e79adeb75cb2d3ae1371567cbbae0df08751
SeoPress	execute	Hooks::apply	'btcbi_seopress_update_post_meta'	3	f157c97a02406cf39428a92f64581c3a2e09bdd5
SeoPress	execute	Hooks::apply	Config::withPrefix('seopress_update_post_meta')	3	0de1e79adeb75cb2d3ae1371567cbbae0df08751
SmartSuite	createRecord	Hooks::apply	'btcbi_smartSuite_create_record'	6	f157c97a02406cf39428a92f64581c3a2e09bdd5
SmartSuite	createRecord	Hooks::apply	Config::withPrefix('smartSuite_create_record')	6	7cb6efb98ba5972a9b5090dc2e517fe14d12cb04
SmartSuite	createTable	Hooks::apply	'btcbi_smartSuite_create_table'	6	f157c97a02406cf39428a92f64581c3a2e09bdd5
SmartSuite	createTable	Hooks::apply	Config::withPrefix('smartSuite_create_table')	6	7cb6efb98ba5972a9b5090dc2e517fe14d12cb04
SureContact	execute	Hooks::apply	Config::withPrefix('sure_contact_add_contacts_to_list')	5	7a8efd1328c2152244072668c454a0dabc0a4f24
SureContact	execute	Hooks::apply	Config::withPrefix('sure_contact_add_contacts_to_tag')	5	7a8efd1328c2152244072668c454a0dabc0a4f24
SureContact	execute	Hooks::apply	Config::withPrefix('sure_contact_attach_contacts_to_task')	5	7a8efd1328c2152244072668c454a0dabc0a4f24
SureContact	execute	Hooks::apply	Config::withPrefix('sure_contact_attach_lists_to_contact')	5	7a8efd1328c2152244072668c454a0dabc0a4f24
SureContact	execute	Hooks::apply	Config::withPrefix('sure_contact_attach_tags_to_contact')	5	7a8efd1328c2152244072668c454a0dabc0a4f24
SureContact	execute	Hooks::apply	Config::withPrefix('sure_contact_bulk_delete_campaigns')	5	7a8efd1328c2152244072668c454a0dabc0a4f24
SureContact	execute	Hooks::apply	Config::withPrefix('sure_contact_cancel_purchase')	5	7a8efd1328c2152244072668c454a0dabc0a4f24
SureContact	execute	Hooks::apply	Config::withPrefix('sure_contact_copy_list')	5	7a8efd1328c2152244072668c454a0dabc0a4f24
SureContact	execute	Hooks::apply	Config::withPrefix('sure_contact_create_campaign')	5	7a8efd1328c2152244072668c454a0dabc0a4f24
SureContact	execute	Hooks::apply	Config::withPrefix('sure_contact_create_contact')	5	7a8efd1328c2152244072668c454a0dabc0a4f24
SureContact	execute	Hooks::apply	Config::withPrefix('sure_contact_create_contact_activity')	5	7a8efd1328c2152244072668c454a0dabc0a4f24
SureContact	execute	Hooks::apply	Config::withPrefix('sure_contact_create_contact_note')	5	7a8efd1328c2152244072668c454a0dabc0a4f24
SureContact	execute	Hooks::apply	Config::withPrefix('sure_contact_create_list')	5	7a8efd1328c2152244072668c454a0dabc0a4f24
SureContact	execute	Hooks::apply	Config::withPrefix('sure_contact_create_page')	5	7a8efd1328c2152244072668c454a0dabc0a4f24
SureContact	execute	Hooks::apply	Config::withPrefix('sure_contact_create_purchase')	5	7a8efd1328c2152244072668c454a0dabc0a4f24
SureContact	execute	Hooks::apply	Config::withPrefix('sure_contact_create_tag')	5	7a8efd1328c2152244072668c454a0dabc0a4f24
SureContact	execute	Hooks::apply	Config::withPrefix('sure_contact_create_task')	5	7a8efd1328c2152244072668c454a0dabc0a4f24
SureContact	execute	Hooks::apply	Config::withPrefix('sure_contact_delete_campaign')	5	7a8efd1328c2152244072668c454a0dabc0a4f24
SureContact	execute	Hooks::apply	Config::withPrefix('sure_contact_delete_contact')	5	7a8efd1328c2152244072668c454a0dabc0a4f24
SureContact	execute	Hooks::apply	Config::withPrefix('sure_contact_delete_list')	5	7a8efd1328c2152244072668c454a0dabc0a4f24
SureContact	execute	Hooks::apply	Config::withPrefix('sure_contact_delete_note')	5	7a8efd1328c2152244072668c454a0dabc0a4f24
SureContact	execute	Hooks::apply	Config::withPrefix('sure_contact_delete_page')	5	7a8efd1328c2152244072668c454a0dabc0a4f24
SureContact	execute	Hooks::apply	Config::withPrefix('sure_contact_delete_tag')	5	7a8efd1328c2152244072668c454a0dabc0a4f24
SureContact	execute	Hooks::apply	Config::withPrefix('sure_contact_delete_task')	5	7a8efd1328c2152244072668c454a0dabc0a4f24
SureContact	execute	Hooks::apply	Config::withPrefix('sure_contact_detach_contacts_from_task')	5	7a8efd1328c2152244072668c454a0dabc0a4f24
SureContact	execute	Hooks::apply	Config::withPrefix('sure_contact_detach_lists_from_contact')	5	7a8efd1328c2152244072668c454a0dabc0a4f24
SureContact	execute	Hooks::apply	Config::withPrefix('sure_contact_detach_tags_from_contact')	5	7a8efd1328c2152244072668c454a0dabc0a4f24
SureContact	execute	Hooks::apply	Config::withPrefix('sure_contact_duplicate_campaign')	5	7a8efd1328c2152244072668c454a0dabc0a4f24
SureContact	execute	Hooks::apply	Config::withPrefix('sure_contact_mark_task_done')	5	7a8efd1328c2152244072668c454a0dabc0a4f24
SureContact	execute	Hooks::apply	Config::withPrefix('sure_contact_mark_task_undone')	5	7a8efd1328c2152244072668c454a0dabc0a4f24
SureContact	execute	Hooks::apply	Config::withPrefix('sure_contact_refund_purchase')	5	7a8efd1328c2152244072668c454a0dabc0a4f24
SureContact	execute	Hooks::apply	Config::withPrefix('sure_contact_remove_contacts_from_list')	5	7a8efd1328c2152244072668c454a0dabc0a4f24
SureContact	execute	Hooks::apply	Config::withPrefix('sure_contact_remove_contacts_from_tag')	5	7a8efd1328c2152244072668c454a0dabc0a4f24
SureContact	execute	Hooks::apply	Config::withPrefix('sure_contact_update_campaign')	5	7a8efd1328c2152244072668c454a0dabc0a4f24
SureContact	execute	Hooks::apply	Config::withPrefix('sure_contact_update_contact')	5	7a8efd1328c2152244072668c454a0dabc0a4f24
SureContact	execute	Hooks::apply	Config::withPrefix('sure_contact_update_contact_status')	5	7a8efd1328c2152244072668c454a0dabc0a4f24
SureContact	execute	Hooks::apply	Config::withPrefix('sure_contact_update_list')	5	7a8efd1328c2152244072668c454a0dabc0a4f24
SureContact	execute	Hooks::apply	Config::withPrefix('sure_contact_update_note')	5	7a8efd1328c2152244072668c454a0dabc0a4f24
SureContact	execute	Hooks::apply	Config::withPrefix('sure_contact_update_page')	5	7a8efd1328c2152244072668c454a0dabc0a4f24
SureContact	execute	Hooks::apply	Config::withPrefix('sure_contact_update_tag')	5	7a8efd1328c2152244072668c454a0dabc0a4f24
SureContact	execute	Hooks::apply	Config::withPrefix('sure_contact_update_task')	5	7a8efd1328c2152244072668c454a0dabc0a4f24
SureContact	execute	Hooks::apply	Config::withPrefix('sure_contact_upsert_contact')	5	7a8efd1328c2152244072668c454a0dabc0a4f24
SureDash	execute	Hooks::apply	Config::withPrefix('sure_dash_bookmark_item')	3	0de1e79adeb75cb2d3ae1371567cbbae0df08751
SureDash	execute	Hooks::apply	Config::withPrefix('sure_dash_create_comment')	4	0de1e79adeb75cb2d3ae1371567cbbae0df08751
SureDash	execute	Hooks::apply	Config::withPrefix('sure_dash_create_post')	4	0de1e79adeb75cb2d3ae1371567cbbae0df08751
SureDash	execute	Hooks::apply	Config::withPrefix('sure_dash_delete_comment')	3	0de1e79adeb75cb2d3ae1371567cbbae0df08751
SureDash	execute	Hooks::apply	Config::withPrefix('sure_dash_delete_post')	3	0de1e79adeb75cb2d3ae1371567cbbae0df08751
SureDash	execute	Hooks::apply	Config::withPrefix('sure_dash_react_to_entity')	3	0de1e79adeb75cb2d3ae1371567cbbae0df08751
SureDash	execute	Hooks::apply	Config::withPrefix('sure_dash_update_user_profile')	3	0de1e79adeb75cb2d3ae1371567cbbae0df08751
TeamsForWooCommerceMemberships	execute	Hooks::apply	'btcbi_teams_for_wc_memberships_add_member'	4	f157c97a02406cf39428a92f64581c3a2e09bdd5
TeamsForWooCommerceMemberships	execute	Hooks::apply	'btcbi_teams_for_wc_memberships_invite_user'	4	f157c97a02406cf39428a92f64581c3a2e09bdd5
TeamsForWooCommerceMemberships	execute	Hooks::apply	'btcbi_teams_for_wc_memberships_remove_member'	4	f157c97a02406cf39428a92f64581c3a2e09bdd5
TeamsForWooCommerceMemberships	execute	Hooks::apply	'btcbi_teams_for_wc_memberships_update_role'	4	f157c97a02406cf39428a92f64581c3a2e09bdd5
TeamsForWooCommerceMemberships	execute	Hooks::apply	Config::withPrefix('teams_for_wc_memberships_add_member')	4	0de1e79adeb75cb2d3ae1371567cbbae0df08751
TeamsForWooCommerceMemberships	execute	Hooks::apply	Config::withPrefix('teams_for_wc_memberships_invite_user')	4	0de1e79adeb75cb2d3ae1371567cbbae0df08751
TeamsForWooCommerceMemberships	execute	Hooks::apply	Config::withPrefix('teams_for_wc_memberships_remove_member')	4	0de1e79adeb75cb2d3ae1371567cbbae0df08751
TeamsForWooCommerceMemberships	execute	Hooks::apply	Config::withPrefix('teams_for_wc_memberships_update_role')	4	0de1e79adeb75cb2d3ae1371567cbbae0df08751
Trello	execute	Hooks::run	'btcbi_trello_store_custom_fields'	6	67df512780868f7598ea9ce5baa9f0d15cb426e0
Trello	execute	Hooks::run	Config::withPrefix('trello_store_custom_fields')	6	67df512780868f7598ea9ce5baa9f0d15cb426e0
Trello	fetchAllCustomFields	Hooks::apply	'btcbi_trello_get_all_custom_fields'	5	97d170e1550eee4afc0af065b78cda302a97674c
Trello	fetchAllCustomFields	Hooks::apply	Config::withPrefix('trello_get_all_custom_fields')	5	97d170e1550eee4afc0af065b78cda302a97674c
TutorLms	completedCourse	do_action	'tutor_course_complete_after'	2	99291d570154496bfff47bad2fce3281af68d22e
TutorLms	completedCourse	do_action	'tutor_course_complete_before'	2	99291d570154496bfff47bad2fce3281af68d22e
UltimateAffiliatePro	execute	Hooks::apply	Config::withPrefix('ultimateaffiliatepro_change_transaction_status')	3	0de1e79adeb75cb2d3ae1371567cbbae0df08751
UltimateAffiliatePro	execute	Hooks::apply	Config::withPrefix('ultimateaffiliatepro_create_affiliate')	3	0de1e79adeb75cb2d3ae1371567cbbae0df08751
UltimateAffiliatePro	execute	Hooks::apply	Config::withPrefix('ultimateaffiliatepro_create_referral')	3	0de1e79adeb75cb2d3ae1371567cbbae0df08751
UltimateAffiliatePro	execute	Hooks::apply	Config::withPrefix('ultimateaffiliatepro_insert_payment')	3	0de1e79adeb75cb2d3ae1371567cbbae0df08751
UserRegistrationMembership	processAction	apply_filters	Config::withPrefix('user_registration_create_user')	4	0de1e79adeb75cb2d3ae1371567cbbae0df08751
WCAffiliate	execute	Hooks::apply	Config::withPrefix('wcaffiliate_create_affiliate')	3	0de1e79adeb75cb2d3ae1371567cbbae0df08751
WCAffiliate	execute	Hooks::apply	Config::withPrefix('wcaffiliate_create_referral')	3	0de1e79adeb75cb2d3ae1371567cbbae0df08751
WCAffiliate	execute	Hooks::apply	Config::withPrefix('wcaffiliate_create_transaction')	3	0de1e79adeb75cb2d3ae1371567cbbae0df08751
WCAffiliate	execute	Hooks::apply	Config::withPrefix('wcaffiliate_update_affiliate_status')	3	0de1e79adeb75cb2d3ae1371567cbbae0df08751
WCAffiliate	execute	Hooks::apply	Config::withPrefix('wcaffiliate_update_referral_status')	3	0de1e79adeb75cb2d3ae1371567cbbae0df08751
WCAffiliate	execute	Hooks::apply	Config::withPrefix('wcaffiliate_update_transaction_status')	3	0de1e79adeb75cb2d3ae1371567cbbae0df08751
WPCafe	execute	Hooks::apply	'btcbi_wpcafe_create_reservation'	3	f157c97a02406cf39428a92f64581c3a2e09bdd5
WPCafe	execute	Hooks::apply	'btcbi_wpcafe_delete_reservation'	3	f157c97a02406cf39428a92f64581c3a2e09bdd5
WPCafe	execute	Hooks::apply	'btcbi_wpcafe_update_reservation'	3	f157c97a02406cf39428a92f64581c3a2e09bdd5
WPCafe	execute	Hooks::apply	Config::withPrefix('wpcafe_create_reservation')	3	0de1e79adeb75cb2d3ae1371567cbbae0df08751
WPCafe	execute	Hooks::apply	Config::withPrefix('wpcafe_delete_reservation')	3	0de1e79adeb75cb2d3ae1371567cbbae0df08751
WPCafe	execute	Hooks::apply	Config::withPrefix('wpcafe_update_reservation')	3	0de1e79adeb75cb2d3ae1371567cbbae0df08751
WeDocs	execute	Hooks::apply	Config::withPrefix('wedocs_create_article')	3	0de1e79adeb75cb2d3ae1371567cbbae0df08751
WeDocs	execute	Hooks::apply	Config::withPrefix('wedocs_create_documentation')	3	0de1e79adeb75cb2d3ae1371567cbbae0df08751
WeDocs	execute	Hooks::apply	Config::withPrefix('wedocs_create_section')	3	0de1e79adeb75cb2d3ae1371567cbbae0df08751
WebbaBooking	execute	Hooks::apply	Config::withPrefix($hookMap[$mainAction])	4	0de1e79adeb75cb2d3ae1371567cbbae0df08751
WhatsApp	sendMessageWithContact	Hooks::apply	'btcbi_whatsapp_send_contact_messages'	6	f157c97a02406cf39428a92f64581c3a2e09bdd5
WhatsApp	sendMessageWithContact	Hooks::apply	Config::withPrefix('whatsapp_send_contact_messages')	6	ac3821e844bd73ead7dada1b0a85d3fd6f909243
WhatsApp	sendMessageWithMedia	Hooks::apply	'btcbi_whatsapp_send_media_messages'	6	f157c97a02406cf39428a92f64581c3a2e09bdd5
WhatsApp	sendMessageWithMedia	Hooks::apply	Config::withPrefix('whatsapp_send_media_messages')	6	ac3821e844bd73ead7dada1b0a85d3fd6f909243
WhatsApp	sendMessageWithTemplate	Hooks::apply	Config::withPrefix('whatsapp_template_components')	3	97d170e1550eee4afc0af065b78cda302a97674c
WhatsApp	sendMessageWithText	Hooks::apply	'btcbi_whatsapp_send_text_messages'	6	f157c97a02406cf39428a92f64581c3a2e09bdd5
WhatsApp	sendMessageWithText	Hooks::apply	Config::withPrefix('whatsapp_send_text_messages')	6	340a6adac238ef7abcfa3bba0c9ca02233b7909d
WishlistMember	createMember	Hooks::apply	'btcbi_wishlist_create_member'	5	f157c97a02406cf39428a92f64581c3a2e09bdd5
WishlistMember	createMember	Hooks::apply	Config::withPrefix('wishlist_create_member')	5	7cb6efb98ba5972a9b5090dc2e517fe14d12cb04
WishlistMember	deleteLevel	Hooks::apply	'btcbi_wishlist_delete_level'	3	f157c97a02406cf39428a92f64581c3a2e09bdd5
WishlistMember	deleteLevel	Hooks::apply	Config::withPrefix('wishlist_delete_level')	3	7cb6efb98ba5972a9b5090dc2e517fe14d12cb04
WishlistMember	handleMemberAddOrRemoveFromLevel	Hooks::apply	'btcbi_wishlist_add_member_to_level'	4	f157c97a02406cf39428a92f64581c3a2e09bdd5
WishlistMember	handleMemberAddOrRemoveFromLevel	Hooks::apply	'btcbi_wishlist_remove_member_from_level'	4	f157c97a02406cf39428a92f64581c3a2e09bdd5
WishlistMember	handleMemberAddOrRemoveFromLevel	Hooks::apply	Config::withPrefix('wishlist_add_member_to_level')	4	7cb6efb98ba5972a9b5090dc2e517fe14d12cb04
WishlistMember	handleMemberAddOrRemoveFromLevel	Hooks::apply	Config::withPrefix('wishlist_remove_member_from_level')	4	7cb6efb98ba5972a9b5090dc2e517fe14d12cb04
WishlistMember	handleMemberEvents	Hooks::apply	'btcbi_wishlist_delete_member'	3	f157c97a02406cf39428a92f64581c3a2e09bdd5
WishlistMember	handleMemberEvents	Hooks::apply	'btcbi_wishlist_update_member'	3	f157c97a02406cf39428a92f64581c3a2e09bdd5
WishlistMember	handleMemberEvents	Hooks::apply	Config::withPrefix('wishlist_delete_member')	3	7cb6efb98ba5972a9b5090dc2e517fe14d12cb04
WishlistMember	handleMemberEvents	Hooks::apply	Config::withPrefix('wishlist_update_member')	3	7cb6efb98ba5972a9b5090dc2e517fe14d12cb04
WishlistMember	updateLevel	Hooks::apply	'btcbi_wishlist_update_level'	3	f157c97a02406cf39428a92f64581c3a2e09bdd5
WishlistMember	updateLevel	Hooks::apply	Config::withPrefix('wishlist_update_level')	3	7cb6efb98ba5972a9b5090dc2e517fe14d12cb04
WooCommerce	createCustomer	do_action	'woocommerce_update_customer'	2	1686487e29535c9d46ecb33998db33518cb4fd58
WooCommerce	execute	do_action	'woocommerce_checkout_order_processed'	4	c21d4b614adbc9f686bd08bd8b696a5a011f32c3
WooCommerce	execute	do_action	'woocommerce_update_customer'	2	1686487e29535c9d46ecb33998db33518cb4fd58
WooCommerce	getFlexibleCheckoutFields	Hooks::apply	'btcbi_woocommerce_flexible_checkout_fields'	2	97d170e1550eee4afc0af065b78cda302a97674c
WooCommerce	getFlexibleCheckoutFields	Hooks::apply	Config::withPrefix('woocommerce_flexible_checkout_fields')	2	97d170e1550eee4afc0af065b78cda302a97674c
WordPress	execute	Hooks::apply	Config::withPrefix('wordpress_activatePlugin')	4	0de1e79adeb75cb2d3ae1371567cbbae0df08751
WordPress	execute	Hooks::apply	Config::withPrefix('wordpress_addCategoryToPost')	4	0de1e79adeb75cb2d3ae1371567cbbae0df08751
WordPress	execute	Hooks::apply	Config::withPrefix('wordpress_addNewImage')	4	0de1e79adeb75cb2d3ae1371567cbbae0df08751
WordPress	execute	Hooks::apply	Config::withPrefix('wordpress_addPostTypeFeatures')	4	0de1e79adeb75cb2d3ae1371567cbbae0df08751
WordPress	execute	Hooks::apply	Config::withPrefix('wordpress_addTagsToPost')	4	0de1e79adeb75cb2d3ae1371567cbbae0df08751
WordPress	execute	Hooks::apply	Config::withPrefix('wordpress_addTaxonomyToPost')	4	0de1e79adeb75cb2d3ae1371567cbbae0df08751
WordPress	execute	Hooks::apply	Config::withPrefix('wordpress_checkPluginActivationStatus')	4	0de1e79adeb75cb2d3ae1371567cbbae0df08751
WordPress	execute	Hooks::apply	Config::withPrefix('wordpress_createCategory')	4	0de1e79adeb75cb2d3ae1371567cbbae0df08751
WordPress	execute	Hooks::apply	Config::withPrefix('wordpress_createNewTerm')	4	0de1e79adeb75cb2d3ae1371567cbbae0df08751
WordPress	execute	Hooks::apply	Config::withPrefix('wordpress_createPostTag')	4	0de1e79adeb75cb2d3ae1371567cbbae0df08751
WordPress	execute	Hooks::apply	Config::withPrefix('wordpress_createProductCategory')	4	0de1e79adeb75cb2d3ae1371567cbbae0df08751
WordPress	execute	Hooks::apply	Config::withPrefix('wordpress_createProductTag')	4	0de1e79adeb75cb2d3ae1371567cbbae0df08751
WordPress	execute	Hooks::apply	Config::withPrefix('wordpress_createProductType')	4	0de1e79adeb75cb2d3ae1371567cbbae0df08751
WordPress	execute	Hooks::apply	Config::withPrefix('wordpress_deleteCategory')	4	0de1e79adeb75cb2d3ae1371567cbbae0df08751
WordPress	execute	Hooks::apply	Config::withPrefix('wordpress_deleteMedia')	4	0de1e79adeb75cb2d3ae1371567cbbae0df08751
WordPress	execute	Hooks::apply	Config::withPrefix('wordpress_deletePostTag')	4	0de1e79adeb75cb2d3ae1371567cbbae0df08751
WordPress	execute	Hooks::apply	Config::withPrefix('wordpress_deleteProductCategory')	4	0de1e79adeb75cb2d3ae1371567cbbae0df08751
WordPress	execute	Hooks::apply	Config::withPrefix('wordpress_deleteProductTag')	4	0de1e79adeb75cb2d3ae1371567cbbae0df08751
WordPress	execute	Hooks::apply	Config::withPrefix('wordpress_deleteProductType')	4	0de1e79adeb75cb2d3ae1371567cbbae0df08751
WordPress	execute	Hooks::apply	Config::withPrefix('wordpress_registerPostType')	4	0de1e79adeb75cb2d3ae1371567cbbae0df08751
WordPress	execute	Hooks::apply	Config::withPrefix('wordpress_registerTaxonomy')	4	0de1e79adeb75cb2d3ae1371567cbbae0df08751
WordPress	execute	Hooks::apply	Config::withPrefix('wordpress_removeTagsFromPost')	4	0de1e79adeb75cb2d3ae1371567cbbae0df08751
WordPress	execute	Hooks::apply	Config::withPrefix('wordpress_removeTaxonomyFromPost')	4	0de1e79adeb75cb2d3ae1371567cbbae0df08751
WordPress	execute	Hooks::apply	Config::withPrefix('wordpress_renameMedia')	4	0de1e79adeb75cb2d3ae1371567cbbae0df08751
WordPress	execute	Hooks::apply	Config::withPrefix('wordpress_termDelete')	4	0de1e79adeb75cb2d3ae1371567cbbae0df08751
WordPress	execute	Hooks::apply	Config::withPrefix('wordpress_unregisterPostType')	4	0de1e79adeb75cb2d3ae1371567cbbae0df08751
WordPress	execute	Hooks::apply	Config::withPrefix('wordpress_unregisterTaxonomy')	4	0de1e79adeb75cb2d3ae1371567cbbae0df08751
WordPress	execute	Hooks::apply	Config::withPrefix('wordpress_updateCategory')	4	0de1e79adeb75cb2d3ae1371567cbbae0df08751
WordPress	execute	Hooks::apply	Config::withPrefix('wordpress_updatePostTag')	4	0de1e79adeb75cb2d3ae1371567cbbae0df08751
WordPress	execute	Hooks::apply	Config::withPrefix('wordpress_updateProductCategory')	4	0de1e79adeb75cb2d3ae1371567cbbae0df08751
WordPress	execute	Hooks::apply	Config::withPrefix('wordpress_updateProductTag')	4	0de1e79adeb75cb2d3ae1371567cbbae0df08751
WordPress	execute	Hooks::apply	Config::withPrefix('wordpress_updateProductType')	4	0de1e79adeb75cb2d3ae1371567cbbae0df08751
WordPress	execute	Hooks::apply	Config::withPrefix('wordpress_updateTerm')	4	0de1e79adeb75cb2d3ae1371567cbbae0df08751
WpDataTables	execute	Hooks::apply	Config::withPrefix('wp_data_tables_add_row')	4	0de1e79adeb75cb2d3ae1371567cbbae0df08751
WpErp	execute	Hooks::apply	Config::withPrefix($entry['hook'])	4	0de1e79adeb75cb2d3ae1371567cbbae0df08751
WpTableBuilder	execute	Hooks::apply	Config::withPrefix('wptablebuilder_add_row')	4	0de1e79adeb75cb2d3ae1371567cbbae0df08751
WpTableBuilder	execute	Hooks::apply	Config::withPrefix('wptablebuilder_create_table')	3	0de1e79adeb75cb2d3ae1371567cbbae0df08751
WpTableBuilder	execute	Hooks::apply	Config::withPrefix('wptablebuilder_delete_table')	4	0de1e79adeb75cb2d3ae1371567cbbae0df08751
WpTableBuilder	execute	Hooks::apply	Config::withPrefix('wptablebuilder_update_table')	3	0de1e79adeb75cb2d3ae1371567cbbae0df08751
Wsms	execute	Hooks::apply	Config::withPrefix('wsms_add_group')	3	0de1e79adeb75cb2d3ae1371567cbbae0df08751
Wsms	execute	Hooks::apply	Config::withPrefix('wsms_add_subscriber')	4	0de1e79adeb75cb2d3ae1371567cbbae0df08751
Wsms	execute	Hooks::apply	Config::withPrefix('wsms_delete_group')	3	0de1e79adeb75cb2d3ae1371567cbbae0df08751
Wsms	execute	Hooks::apply	Config::withPrefix('wsms_delete_subscriber')	4	0de1e79adeb75cb2d3ae1371567cbbae0df08751
Wsms	execute	Hooks::apply	Config::withPrefix('wsms_send_sms')	3	0de1e79adeb75cb2d3ae1371567cbbae0df08751
Wsms	execute	Hooks::apply	Config::withPrefix('wsms_update_group')	3	0de1e79adeb75cb2d3ae1371567cbbae0df08751
Wsms	execute	Hooks::apply	Config::withPrefix('wsms_update_subscriber')	4	0de1e79adeb75cb2d3ae1371567cbbae0df08751
ZendeskSupport	execute	Hooks::apply	Config::withPrefix(self::$hookMap[$actionName])	5	7a8efd1328c2152244072668c454a0dabc0a4f24
ZohoBigin	execute	Hooks::apply	'btcbi_zbigin_add_tags_to_records'	6	f157c97a02406cf39428a92f64581c3a2e09bdd5
ZohoBigin	execute	Hooks::apply	Config::withPrefix('zbigin_add_tags_to_records')	6	fa991807313591b7a32022291a28799018c387ae
ZohoBigin	getTagList	Hooks::apply	'btcbi_zbigin_get_tags'	5	97d170e1550eee4afc0af065b78cda302a97674c
ZohoBigin	getTagList	Hooks::apply	Config::withPrefix('zbigin_get_tags')	5	97d170e1550eee4afc0af065b78cda302a97674c
